mode,round,slot,arch_name,experiment_id,model_dir,has_model,has_config
Sequential,r002,0,cbam_unet,r002_full_cbam_unet_nc16_lr0.001_masked_l1,model_rounds/r002/model_00_cbam_unet,true,true
Sequential,r002,1,fourier_unet,r002_full_fourier_unet_nc16_lr0.001_masked_l1,model_rounds/r002/model_01_fourier_unet,true,true
Sequential,r002,2,hrdcn,r002_full_hrdcn_nc16_lr0.0005_masked_l1,model_rounds/r002/model_02_hrdcn,true,true
Sequential,r002,3,hrformer,r002_full_hrformer_nc16_lr0.0005_masked_l1,model_rounds/r002/model_03_hrformer,true,true
Sequential,r002,4,mamba_attention,r002_full_mamba_attention_nc16_lr0.0005_masked_l1,model_rounds/r002/model_04_mamba_attention,true,true
Sequential,r002,5,multiscale_conv,r002_full_multiscale_conv_nc16_lr0.001_masked_l1,model_rounds/r002/model_05_multiscale_conv,true,true
Sequential,r002,6,residual_spectral,r002_full_residual_spectral_nc16_lr0.001_masked_l1,model_rounds/r002/model_06_residual_spectral,true,true
Sequential,r002,7,swin_unetr,r002_full_swin_unetr_nc24_lr0.0005_masked_l1,model_rounds/r002/model_07_swin_unetr,true,true
Sequential,r002,8,transolver_lite,r002_full_transolver_lite_nc16_lr0.001_masked_l1,model_rounds/r002/model_08_transolver_lite,true,true
Sequential,r002,9,transolver,r002_full_transolver_nc16_lr0.0005_masked_l1,model_rounds/r002/model_09_transolver,true,true
Sequential,r002,10,ufno,r002_full_ufno_nc16_lr0.001_masked_l1,model_rounds/r002/model_10_ufno,true,true
Sequential,r003,0,attention_gate_unet,r003_full_attention_gate_unet_nc16_lr0.001_masked_l1,model_rounds/r003/model_00_attention_gate_unet,true,true
Sequential,r003,1,cbam_unet,r003_full_cbam_unet_nc24_lr0.001_masked_l1,model_rounds/r003/model_01_cbam_unet,true,true
Sequential,r003,2,cno,r003_full_cno_nc32_lr0.001_masked_l1,model_rounds/r003/model_02_cno,true,true
Sequential,r003,3,dcn_unet,r003_full_dcn_unet_nc16_lr0.001_masked_l1,model_rounds/r003/model_03_dcn_unet,true,true
Sequential,r003,4,dilated_unet,r003_full_dilated_unet_nc24_lr0.001_masked_l1,model_rounds/r003/model_04_dilated_unet,true,true
Sequential,r003,5,residual_spectral,r003_full_residual_spectral_nc16_lr0.001_masked_huber,model_rounds/r003/model_05_residual_spectral,true,true
Sequential,r003,6,residual_spectral,r003_full_residual_spectral_nc16_lr0.001_masked_l1_gradient,model_rounds/r003/model_06_residual_spectral,true,true
Sequential,r003,7,sac_unet,r003_full_sac_unet_nc24_lr0.001_masked_l1,model_rounds/r003/model_07_sac_unet,true,true
Sequential,r004,0,attention_gate_unet,r004_full_attention_gate_unet_nc16_lr0.001_masked_l1_gradient,model_rounds/r004/model_00_attention_gate_unet,true,true
Sequential,r004,1,dilated_unet,r004_full_dilated_unet_nc24_lr0.001_masked_l1_gradient,model_rounds/r004/model_01_dilated_unet,true,true
Sequential,r004,2,fno_encoder_decoder,r004_full_fno_encoder_decoder_nc24_lr0.001_masked_l1,model_rounds/r004/model_02_fno_encoder_decoder,true,true
Sequential,r004,3,hrnet,r004_full_hrnet_nc32_lr0.001_masked_l1,model_rounds/r004/model_03_hrnet,true,true
Sequential,r004,4,residual_spectral,r004_full_residual_spectral_nc16_lr0.001_masked_l1,model_rounds/r004/model_04_residual_spectral,true,true
Sequential,r004,5,residual_spectral,r004_full_residual_spectral_nc16_lr0.001_masked_l1_gradient,model_rounds/r004/model_05_residual_spectral,true,true
Sequential,r004,6,residual_spectral,r004_full_residual_spectral_nc24_lr0.001_masked_l1_gradient,model_rounds/r004/model_06_residual_spectral,true,true
Sequential,r004,7,sac_unet,r004_full_sac_unet_nc16_lr0.001_masked_l1,model_rounds/r004/model_07_sac_unet,true,true
Sequential,r004,8,sac_unet,r004_full_sac_unet_nc24_lr0.001_masked_l1_gradient,model_rounds/r004/model_08_sac_unet,true,true
Sequential,r004,9,ufno,r004_full_ufno_nc16_lr0.001_masked_l1_gradient,model_rounds/r004/model_09_ufno,true,true
Sequential,r005,0,attention_gate_unet,r005_full_attention_gate_unet_nc24_lr0.001_masked_l1_gradient,model_rounds/r005/model_00_attention_gate_unet,true,true
Sequential,r005,1,cbam_unet,r005_full_cbam_unet_nc16_lr0.001_masked_l1_gradient,model_rounds/r005/model_01_cbam_unet,true,true
Sequential,r005,2,cno,r005_full_cno_nc32_lr0.001_masked_l1_gradient,model_rounds/r005/model_02_cno,true,true
Sequential,r005,3,dilated_unet,r005_full_dilated_unet_nc16_lr0.001_masked_l1_gradient,model_rounds/r005/model_03_dilated_unet,true,true
Sequential,r005,4,hrdcn,r005_full_hrdcn_nc16_lr0.0005_masked_l1_gradient,model_rounds/r005/model_04_hrdcn,true,true
Sequential,r005,5,multiscale_conv,r005_full_multiscale_conv_nc16_lr0.001_masked_l1_gradient,model_rounds/r005/model_05_multiscale_conv,true,true
Sequential,r005,6,quadmamba,r005_full_quadmamba_nc24_lr0.001_masked_l1_gradient,model_rounds/r005/model_06_quadmamba,true,true
Sequential,r005,7,residual_spectral,r005_full_residual_spectral_nc16_lr0.0007_masked_l1_gradient,model_rounds/r005/model_07_residual_spectral,true,true
Sequential,r005,8,sac_unet,r005_full_sac_unet_nc16_lr0.001_masked_l1_gradient,model_rounds/r005/model_08_sac_unet,true,true
Sequential,r005,9,sac_unet,r005_full_sac_unet_nc24_lr0.0007_masked_l1_gradient,model_rounds/r005/model_09_sac_unet,true,true
Sequential,r006,0,dilated_fno,r006_full_dilated_fno_nc24_lr0.001_masked_l1_gradient,model_rounds/r006/model_00_dilated_fno,true,true
Sequential,r006,1,mamba2d,r006_full_mamba2d_nc24_lr0.001_masked_l1_gradient,model_rounds/r006/model_01_mamba2d,true,true
Sequential,r006,2,nafnet,r006_full_nafnet_nc16_lr0.0005_masked_l1_gradient,model_rounds/r006/model_02_nafnet,true,true
Sequential,r006,3,perceiver_io,r006_full_perceiver_io_nc32_lr0.0007_masked_l1_gradient,model_rounds/r006/model_03_perceiver_io,true,true
Sequential,r006,4,quadmamba,r006_full_quadmamba_nc24_lr0.0007_masked_l1_gradient,model_rounds/r006/model_04_quadmamba,true,true
Sequential,r006,5,residual_spectral,r006_full_residual_spectral_nc16_lr0.0005_masked_l1_gradient,model_rounds/r006/model_05_residual_spectral,true,true
Sequential,r006,6,residual_spectral,r006_full_residual_spectral_nc24_lr0.0007_masked_l1_gradient,model_rounds/r006/model_06_residual_spectral,true,true
Sequential,r006,7,sac_unet,r006_full_sac_unet_nc24_lr0.0005_masked_l1_gradient,model_rounds/r006/model_07_sac_unet,true,true
Sequential,r006,8,sac_unet,r006_full_sac_unet_nc32_lr0.0007_masked_l1_gradient,model_rounds/r006/model_08_sac_unet,true,true
Sequential,r006,9,umamba,r006_full_umamba_nc32_lr0.0007_masked_l1_gradient,model_rounds/r006/model_09_umamba,true,true
Sequential,r006,10,unet_afno,r006_full_unet_afno_nc24_lr0.0007_masked_l1_gradient,model_rounds/r006/model_10_unet_afno,true,true
Sequential,r007,0,convnext_v2_unet,r007_full_convnext_v2_unet_nc24_lr0.0007_masked_l1_gradient,model_rounds/r007/model_00_convnext_v2_unet,true,true
Sequential,r007,1,dilated_unet,r007_full_dilated_unet_nc24_lr0.0005_masked_l1_gradient,model_rounds/r007/model_01_dilated_unet,true,true
Sequential,r007,2,mamba2d,r007_full_mamba2d_nc32_lr0.0007_masked_l1_gradient,model_rounds/r007/model_02_mamba2d,true,true
Sequential,r007,3,quadmamba,r007_full_quadmamba_nc32_lr0.0007_masked_l1_gradient,model_rounds/r007/model_03_quadmamba,true,true
Sequential,r007,4,residual_spectral,r007_full_residual_spectral_nc16_lr0.0003_masked_l1_gradient,model_rounds/r007/model_04_residual_spectral,true,true
Sequential,r007,5,sac_mamba,r007_full_sac_mamba_nc24_lr0.0007_masked_l1_gradient,model_rounds/r007/model_05_sac_mamba,true,true
Sequential,r007,6,sac_unet,r007_full_sac_unet_nc24_lr0.0003_masked_l1_gradient,model_rounds/r007/model_06_sac_unet,true,true
Sequential,r007,7,swin_unetr,r007_full_swin_unetr_nc32_lr0.0005_masked_l1_gradient,model_rounds/r007/model_07_swin_unetr,true,true
Sequential,r007,11,unet_v3,r007_full_unet_v3_nc32_lr0.0007_masked_l1_gradient,model_rounds/r007/model_11_unet_v3,true,true
Sequential,r008,0,attention_gate_unet,r008_full_attention_gate_unet_nc24_lr0.0005_masked_l1_gradient,model_rounds/r008/model_00_attention_gate_unet,true,true
Sequential,r008,1,fourier_unet,r008_full_fourier_unet_nc24_lr0.0005_masked_l1_gradient,model_rounds/r008/model_01_fourier_unet,true,true
Sequential,r008,2,mamba2d,r008_full_mamba2d_nc32_lr0.0005_masked_l1_gradient,model_rounds/r008/model_02_mamba2d,true,true
Sequential,r008,3,quadmamba,r008_full_quadmamba_nc32_lr0.0005_masked_l1_gradient,model_rounds/r008/model_03_quadmamba,true,true
Sequential,r008,4,residual_spectral,r008_full_residual_spectral_nc16_lr0.0004_masked_l1_gradient,model_rounds/r008/model_04_residual_spectral,true,true
Sequential,r008,5,sac_unet,r008_full_sac_unet_nc24_lr0.0004_masked_l1_gradient,model_rounds/r008/model_05_sac_unet,true,true
Sequential,r008,10,unet_v3,r008_full_unet_v3_nc32_lr0.0005_masked_l1_gradient,model_rounds/r008/model_10_unet_v3,true,true
Sequential,r009,0,cnn_deeponet,r009_full_cnn_deeponet_nc16_lr0.0005_masked_l1_gradient,model_rounds/r009/model_00_cnn_deeponet,true,true
Sequential,r009,1,cno,r009_full_cno_nc24_lr0.0005_masked_l1_gradient,model_rounds/r009/model_01_cno,true,true
Sequential,r009,2,dilated_hrformer,r009_full_dilated_hrformer_nc24_lr0.0004_masked_l1_gradient,model_rounds/r009/model_02_dilated_hrformer,true,true
Sequential,r009,3,dilated_unet,r009_full_dilated_unet_nc32_lr0.0005_masked_l1_gradient,model_rounds/r009/model_03_dilated_unet,true,true
Sequential,r009,4,fno_v3,r009_full_fno_v3_nc24_lr0.0005_masked_l1_gradient,model_rounds/r009/model_04_fno_v3,true,true
Sequential,r009,5,hrnet,r009_full_hrnet_nc24_lr0.0005_masked_l1_gradient,model_rounds/r009/model_05_hrnet,true,true
Sequential,r009,6,mamba2d,r009_full_mamba2d_nc32_lr0.0004_masked_l1_gradient,model_rounds/r009/model_06_mamba2d,true,true
Sequential,r009,7,sac_unet,r009_full_sac_unet_nc24_lr0.0005_masked_l1_gradient,model_rounds/r009/model_07_sac_unet,true,true
Sequential,r009,8,umamba,r009_full_umamba_nc16_lr0.0004_masked_l1_gradient,model_rounds/r009/model_08_umamba,true,true
Sequential,r009,10,unet_v3,r009_full_unet_v3_nc32_lr0.0004_masked_l1_gradient,model_rounds/r009/model_10_unet_v3,true,true
Sequential,r010,0,dilated_unet,r010_full_dilated_unet_nc32_lr0.0005_masked_l1_gradient,model_rounds/r010/model_00_dilated_unet,true,true
Sequential,r010,1,hrformer,r010_full_hrformer_nc24_lr0.0004_masked_l1_gradient,model_rounds/r010/model_01_hrformer,true,true
Sequential,r010,2,mamba2d,r010_full_mamba2d_nc24_lr0.0004_masked_l1_gradient,model_rounds/r010/model_02_mamba2d,true,true
Sequential,r010,3,mamba2d,r010_full_mamba2d_nc32_lr0.0003_masked_l1_gradient,model_rounds/r010/model_03_mamba2d,true,true
Sequential,r010,4,quadmamba,r010_full_quadmamba_nc24_lr0.0003_masked_l1_gradient,model_rounds/r010/model_04_quadmamba,true,true
Sequential,r010,5,residual_spectral,r010_full_residual_spectral_nc16_lr0.0005_masked_l1_gradient,model_rounds/r010/model_05_residual_spectral,true,true
Sequential,r010,6,sac_unet,r010_full_sac_unet_nc24_lr0.0005_masked_l1_gradient,model_rounds/r010/model_06_sac_unet,true,true
Sequential,r010,7,swin_unet,r010_full_swin_unet_nc24_lr0.0004_masked_l1_gradient,model_rounds/r010/model_07_swin_unet,true,true
Sequential,r010,10,unet_v3,r010_full_unet_v3_nc32_lr0.0005_masked_l1_gradient,model_rounds/r010/model_10_unet_v3,true,true
Sequential,r011,0,afno_block,r011_full_afno_block_nc24_lr0.0005_masked_l1_gradient,model_rounds/r011/model_00_afno_block,true,true
Sequential,r011,1,attention_mamba,r011_full_attention_mamba_nc24_lr0.0005_masked_l1_gradient,model_rounds/r011/model_01_attention_mamba,true,true
Sequential,r011,2,cno,r011_full_cno_nc24_lr0.0004_masked_l1_gradient,model_rounds/r011/model_02_cno,true,true
Sequential,r011,3,dilated_fno,r011_full_dilated_fno_nc24_lr0.0004_masked_l1_gradient,model_rounds/r011/model_03_dilated_fno,true,true
Sequential,r011,4,fno_encoder_decoder,r011_full_fno_encoder_decoder_nc24_lr0.0005_masked_l1_gradient,model_rounds/r011/model_04_fno_encoder_decoder,true,true
Sequential,r011,5,kan_unet,r011_full_kan_unet_nc16_lr0.0005_masked_l1_gradient,model_rounds/r011/model_05_kan_unet,true,true
Sequential,r011,6,mamba2d,r011_full_mamba2d_nc32_lr0.00045_masked_l1_gradient,model_rounds/r011/model_06_mamba2d,true,true
Sequential,r011,7,quadmamba,r011_full_quadmamba_nc24_lr0.0004_masked_l1_gradient,model_rounds/r011/model_07_quadmamba,true,true
Sequential,r011,8,sac_unet,r011_full_sac_unet_nc24_lr0.0004_masked_l1_gradient,model_rounds/r011/model_08_sac_unet,true,true
Sequential,r011,9,unet_afno,r011_full_unet_afno_nc24_lr0.0005_masked_l1_gradient,model_rounds/r011/model_09_unet_afno,true,true
Sequential,r011,11,unet_v3,r011_full_unet_v3_nc32_lr0.00045_masked_l1_gradient,model_rounds/r011/model_11_unet_v3,true,true
Sequential,r012,0,afno_block,r012_full_afno_block_nc32_lr0.0004_masked_l1_gradient,model_rounds/r012/model_00_afno_block,true,true
Sequential,r012,1,cno,r012_full_cno_nc32_lr0.0004_masked_l1_gradient,model_rounds/r012/model_01_cno,true,true
Sequential,r012,2,dilated_unet,r012_full_dilated_unet_nc32_lr0.0004_masked_l1_gradient,model_rounds/r012/model_02_dilated_unet,true,true
Sequential,r012,3,mamba2d,r012_full_mamba2d_nc32_lr0.00035_masked_l1_gradient,model_rounds/r012/model_03_mamba2d,true,true
Sequential,r012,4,mamba2d,r012_full_mamba2d_nc32_lr0.0004_masked_l1_gradient,model_rounds/r012/model_04_mamba2d,true,true
Sequential,r012,5,quadmamba,r012_full_quadmamba_nc32_lr0.0003_masked_l1_gradient,model_rounds/r012/model_05_quadmamba,true,true
Sequential,r012,6,sac_unet,r012_full_sac_unet_nc24_lr0.0004_masked_l1_gradient,model_rounds/r012/model_06_sac_unet,true,true
Sequential,r012,7,sac_unet,r012_full_sac_unet_nc32_lr0.0004_masked_l1_gradient,model_rounds/r012/model_07_sac_unet,true,true
Sequential,r012,10,unet_v3,r012_full_unet_v3_nc48_lr0.0004_masked_l1_gradient,model_rounds/r012/model_10_unet_v3,true,true
Sequential,r013,0,afno_block,r013_full_afno_block_nc24_lr0.00045_masked_huber,model_rounds/r013/model_00_afno_block,true,true
Sequential,r013,1,cno,r013_full_cno_nc32_lr0.00035_masked_huber,model_rounds/r013/model_01_cno,true,true
Sequential,r013,2,cno,r013_full_cno_nc32_lr0.00035_masked_l1_gradient,model_rounds/r013/model_02_cno,true,true
Sequential,r013,3,dilated_unet,r013_full_dilated_unet_nc32_lr0.0004_masked_huber,model_rounds/r013/model_03_dilated_unet,true,true
Sequential,r013,4,mamba2d,r013_full_mamba2d_nc32_lr0.00032_masked_l1_gradient,model_rounds/r013/model_04_mamba2d,true,true
Sequential,r013,5,mamba2d,r013_full_mamba2d_nc32_lr0.00035_masked_huber,model_rounds/r013/model_05_mamba2d,true,true
Sequential,r013,6,quadmamba,r013_full_quadmamba_nc32_lr0.00035_masked_huber,model_rounds/r013/model_06_quadmamba,true,true
Sequential,r013,7,residual_spectral,r013_full_residual_spectral_nc16_lr0.0005_masked_l1,model_rounds/r013/model_07_residual_spectral,true,true
Sequential,r013,8,sac_unet,r013_full_sac_unet_nc32_lr0.00035_masked_huber,model_rounds/r013/model_08_sac_unet,true,true
Sequential,r013,9,sac_unet,r013_full_sac_unet_nc32_lr0.00035_masked_l1_gradient,model_rounds/r013/model_09_sac_unet,true,true
Sequential,r013,11,unet_v3,r013_full_unet_v3_nc32_lr0.0004_masked_huber,model_rounds/r013/model_11_unet_v3,true,true
Sequential,r014,0,afno_block,r014_full_afno_block_nc32_lr0.00035_masked_l1_gradient,model_rounds/r014/model_00_afno_block,true,true
Sequential,r014,1,cno,r014_full_cno_nc40_lr0.00035_masked_l1_gradient,model_rounds/r014/model_01_cno,true,true
Sequential,r014,2,mamba2d,r014_full_mamba2d_nc32_lr0.0003_masked_l1_gradient,model_rounds/r014/model_02_mamba2d,true,true
Sequential,r014,3,multiscale_conv,r014_full_multiscale_conv_nc24_lr0.0005_masked_l1,model_rounds/r014/model_03_multiscale_conv,true,true
Sequential,r014,4,perceiver_io,r014_full_perceiver_io_nc16_lr0.0003_masked_l1,model_rounds/r014/model_04_perceiver_io,true,true
Sequential,r014,5,quadmamba,r014_full_quadmamba_nc32_lr0.00032_masked_l1_gradient,model_rounds/r014/model_05_quadmamba,true,true
Sequential,r014,6,residual_spectral,r014_full_residual_spectral_nc16_lr0.00035_masked_l1_gradient,model_rounds/r014/model_06_residual_spectral,true,true
Sequential,r014,7,sac_unet,r014_full_sac_unet_nc32_lr0.00032_masked_l1_gradient,model_rounds/r014/model_07_sac_unet,true,true
Sequential,r014,8,sac_unet,r014_full_sac_unet_nc32_lr0.00035_masked_l1_gradient,model_rounds/r014/model_08_sac_unet,true,true
Sequential,r014,10,unet_v3,r014_full_unet_v3_nc40_lr0.0004_masked_l1_gradient,model_rounds/r014/model_10_unet_v3,true,true
Sequential,r014,11,uno,r014_full_uno_nc24_lr0.0005_masked_l1,model_rounds/r014/model_11_uno,true,true
Sequential,r015,0,attention_gate_unet,r015_full_attention_gate_unet_nc32_lr0.0006_masked_l1_gradient,model_rounds/r015/model_00_attention_gate_unet,true,true
Sequential,r015,1,cbam_unet,r015_full_cbam_unet_nc32_lr0.0006_masked_l1_gradient,model_rounds/r015/model_01_cbam_unet,true,true
Sequential,r015,2,cno,r015_full_cno_nc32_lr0.0005_masked_l1_gradient,model_rounds/r015/model_02_cno,true,true
Sequential,r015,3,dilated_unet,r015_full_dilated_unet_nc32_lr0.0006_masked_l1_gradient,model_rounds/r015/model_03_dilated_unet,true,true
Sequential,r015,4,fourier_unet,r015_full_fourier_unet_nc32_lr0.0005_masked_l1_gradient,model_rounds/r015/model_04_fourier_unet,true,true
Sequential,r015,5,mamba2d,r015_full_mamba2d_nc40_lr0.00032_masked_l1_gradient,model_rounds/r015/model_05_mamba2d,true,true
Sequential,r015,6,nafnet,r015_full_nafnet_nc32_lr0.0005_masked_l1_gradient,model_rounds/r015/model_06_nafnet,true,true
Sequential,r015,7,quadmamba,r015_full_quadmamba_nc40_lr0.00032_masked_l1_gradient,model_rounds/r015/model_07_quadmamba,true,true
Sequential,r015,8,sac_unet,r015_full_sac_unet_nc40_lr0.00035_masked_l1_gradient,model_rounds/r015/model_08_sac_unet,true,true
Sequential,r015,9,transolver_lite,r015_full_transolver_lite_nc32_lr0.0005_masked_l1_gradient,model_rounds/r015/model_09_transolver_lite,true,true
Sequential,r015,10,unet_afno,r015_full_unet_afno_nc32_lr0.0005_masked_l1_gradient,model_rounds/r015/model_10_unet_afno,true,true
Sequential,r016,0,cno,r016_full_cno_nc40_lr0.0003_masked_l1_gradient,model_rounds/r016/model_00_cno,true,true
Sequential,r016,1,dilated_hrformer,r016_full_dilated_hrformer_nc24_lr0.0003_masked_l1_gradient,model_rounds/r016/model_01_dilated_hrformer,true,true
Sequential,r016,2,ffno,r016_full_ffno_nc32_lr0.0003_masked_l1_gradient,model_rounds/r016/model_02_ffno,true,true
Sequential,r016,3,hrdcn,r016_full_hrdcn_nc32_lr0.0003_masked_l1_gradient,model_rounds/r016/model_03_hrdcn,true,true
Sequential,r016,4,hrnet,r016_full_hrnet_nc32_lr0.0003_masked_l1_gradient,model_rounds/r016/model_04_hrnet,true,true
Sequential,r016,5,mamba2d,r016_full_mamba2d_nc40_lr0.0003_masked_l1_gradient,model_rounds/r016/model_05_mamba2d,true,true
Sequential,r016,6,mamba_attention,r016_full_mamba_attention_nc32_lr0.0003_masked_l1_gradient,model_rounds/r016/model_06_mamba_attention,true,true
Sequential,r016,7,quadmamba,r016_full_quadmamba_nc32_lr0.0003_masked_l1_gradient,model_rounds/r016/model_07_quadmamba,true,true
Sequential,r016,8,sac_unet,r016_full_sac_unet_nc32_lr0.00035_masked_l1_gradient,model_rounds/r016/model_08_sac_unet,true,true
Sequential,r016,9,sac_unet,r016_full_sac_unet_nc40_lr0.0003_masked_l1_gradient,model_rounds/r016/model_09_sac_unet,true,true
Sequential,r016,10,uno,r016_full_uno_nc16_lr0.00015_masked_l1_gradient,model_rounds/r016/model_10_uno,true,true
Sequential,r017,0,cno,r017_full_cno_nc48_lr0.0003_masked_l1_gradient,model_rounds/r017/model_00_cno,true,true
Sequential,r017,1,fourier_unet,r017_full_fourier_unet_nc40_lr0.0004_masked_l1_gradient,model_rounds/r017/model_01_fourier_unet,true,true
Sequential,r017,2,hrdcn,r017_full_hrdcn_nc24_lr0.00035_masked_l1_gradient,model_rounds/r017/model_02_hrdcn,true,true
Sequential,r017,3,mamba2d,r017_full_mamba2d_nc32_lr0.00032_masked_l1_gradient,model_rounds/r017/model_03_mamba2d,true,true
Sequential,r017,4,mamba2d,r017_full_mamba2d_nc40_lr0.0003_masked_l1_gradient,model_rounds/r017/model_04_mamba2d,true,true
Sequential,r017,5,quadmamba,r017_full_quadmamba_nc32_lr0.0003_masked_l1_gradient,model_rounds/r017/model_05_quadmamba,true,true
Sequential,r017,6,sac_unet,r017_full_sac_unet_nc32_lr0.00035_masked_l1_gradient,model_rounds/r017/model_06_sac_unet,true,true
Sequential,r017,7,umamba,r017_full_umamba_nc16_lr0.00035_masked_l1_gradient,model_rounds/r017/model_07_umamba,true,true
Sequential,r018,0,attention_gate_unet,r018_full_attention_gate_unet_nc40_lr0.0003_masked_l1_gradient,model_rounds/r018/model_00_attention_gate_unet,true,true
Sequential,r018,1,cno,r018_full_cno_nc40_lr0.00025_masked_l1_gradient,model_rounds/r018/model_01_cno,true,true
Sequential,r018,2,cno,r018_full_cno_nc40_lr0.0003_masked_l1_gradient,model_rounds/r018/model_02_cno,true,true
Sequential,r018,3,dilated_unet,r018_full_dilated_unet_nc40_lr0.0003_masked_l1_gradient,model_rounds/r018/model_03_dilated_unet,true,true
Sequential,r018,4,fourier_unet,r018_full_fourier_unet_nc32_lr0.0003_masked_l1_gradient,model_rounds/r018/model_04_fourier_unet,true,true
Sequential,r018,5,mamba2d,r018_full_mamba2d_nc32_lr0.0003_masked_l1_gradient,model_rounds/r018/model_05_mamba2d,true,true
Sequential,r018,6,quadmamba,r018_full_quadmamba_nc32_lr0.00035_masked_huber,model_rounds/r018/model_06_quadmamba,true,true
Sequential,r018,7,sac_unet,r018_full_sac_unet_nc32_lr0.00035_masked_l1_gradient,model_rounds/r018/model_07_sac_unet,true,true
Sequential,r019,0,dcn_unet,r019_full_dcn_unet_nc32_lr0.0003_masked_l1_gradient,model_rounds/r019/model_00_dcn_unet,true,true
Sequential,r019,1,dilated_unet,r019_full_dilated_unet_nc32_lr0.00035_masked_l1_gradient,model_rounds/r019/model_01_dilated_unet,true,true
Sequential,r019,2,fourier_unet,r019_full_fourier_unet_nc40_lr0.0003_masked_l1_gradient,model_rounds/r019/model_02_fourier_unet,true,true
Sequential,r019,3,mamba2d,r019_full_mamba2d_nc40_lr0.00035_masked_l1_gradient,model_rounds/r019/model_03_mamba2d,true,true
Sequential,r019,4,multiscale_conv,r019_full_multiscale_conv_nc32_lr0.0003_masked_l1_gradient,model_rounds/r019/model_04_multiscale_conv,true,true
Sequential,r019,5,sac_unet,r019_full_sac_unet_nc16_lr0.00035_masked_l1_gradient,model_rounds/r019/model_05_sac_unet,true,true
Sequential,r019,6,sac_unet,r019_full_sac_unet_nc24_lr0.00035_masked_l1_gradient,model_rounds/r019/model_06_sac_unet,true,true
Sequential,r019,7,transolver_lite,r019_full_transolver_lite_nc32_lr0.0003_masked_l1_gradient,model_rounds/r019/model_07_transolver_lite,true,true
Sequential,r020,0,attention_gate_unet,r020_full_attention_gate_unet_nc40_lr0.00025_masked_l1_gradient,model_rounds/r020/model_00_attention_gate_unet,true,true
Sequential,r020,1,cno,r020_full_cno_nc40_lr0.00025_masked_l1_gradient,model_rounds/r020/model_01_cno,true,true
Sequential,r020,2,dilated_unet,r020_full_dilated_unet_nc40_lr0.00025_masked_l1_gradient,model_rounds/r020/model_02_dilated_unet,true,true
Sequential,r020,3,ffno,r020_full_ffno_nc32_lr0.00025_masked_l1_gradient,model_rounds/r020/model_03_ffno,true,true
Sequential,r020,4,fourier_unet,r020_full_fourier_unet_nc40_lr0.00025_masked_l1_gradient,model_rounds/r020/model_04_fourier_unet,true,true
Sequential,r020,5,hrnet,r020_full_hrnet_nc32_lr0.00025_masked_l1_gradient,model_rounds/r020/model_05_hrnet,true,true
Sequential,r020,6,nafnet,r020_full_nafnet_nc32_lr0.00025_masked_l1_gradient,model_rounds/r020/model_06_nafnet,true,true
Sequential,r020,7,sac_unet,r020_full_sac_unet_nc24_lr0.00035_masked_l1_gradient,model_rounds/r020/model_07_sac_unet,true,true
Sequential,r021,0,attention_gate_unet,r021_full_attention_gate_unet_nc44_lr0.00025_masked_l1_gradient,model_rounds/r021/model_00_attention_gate_unet,true,true
Sequential,r021,1,cno,r021_full_cno_nc40_lr0.00025_masked_l1_gradient,model_rounds/r021/model_01_cno,true,true
Sequential,r021,2,cno,r021_full_cno_nc48_lr0.00022_masked_l1_gradient,model_rounds/r021/model_02_cno,true,true
Sequential,r021,3,dilated_unet,r021_full_dilated_unet_nc48_lr0.00025_masked_l1_gradient,model_rounds/r021/model_03_dilated_unet,true,true
Sequential,r021,4,fourier_unet,r021_full_fourier_unet_nc48_lr0.00025_masked_l1_gradient,model_rounds/r021/model_04_fourier_unet,true,true
Sequential,r021,5,quadmamba,r021_full_quadmamba_nc40_lr0.00022_masked_l1_gradient,model_rounds/r021/model_05_quadmamba,true,true
Sequential,r021,6,sac_unet,r021_full_sac_unet_nc40_lr0.00025_masked_l1_gradient,model_rounds/r021/model_06_sac_unet,true,true
Sequential,r022,0,afno_block,r022_full_afno_block_nc32_lr0.00025_masked_l1_gradient,model_rounds/r022/model_00_afno_block,true,true
Sequential,r022,1,cno,r022_full_cno_nc40_lr0.00025_masked_l1_gradient,model_rounds/r022/model_01_cno,true,true
Sequential,r022,2,cno,r022_full_cno_nc40_lr0.00035_masked_l1_gradient,model_rounds/r022/model_02_cno,true,true
Sequential,r022,3,dcn_unet,r022_full_dcn_unet_nc36_lr0.00025_masked_l1_gradient,model_rounds/r022/model_03_dcn_unet,true,true
Sequential,r022,4,mamba2d,r022_full_mamba2d_nc36_lr0.0003_masked_l1_gradient,model_rounds/r022/model_04_mamba2d,true,true
Sequential,r022,5,sac_unet,r022_full_sac_unet_nc20_lr0.00025_masked_l1,model_rounds/r022/model_05_sac_unet,true,true
Sequential,r022,6,sac_unet,r022_full_sac_unet_nc20_lr0.00025_masked_l1_gradient,model_rounds/r022/model_06_sac_unet,true,true
Sequential,r022,7,transolver_lite,r022_full_transolver_lite_nc24_lr0.0002_masked_l1_gradient,model_rounds/r022/model_07_transolver_lite,true,true
Sequential,r022,8,unet_afno,r022_full_unet_afno_nc32_lr0.00025_masked_l1_gradient,model_rounds/r022/model_08_unet_afno,true,true
Sequential,r023,0,attention_gate_unet,r023_full_attention_gate_unet_nc40_lr0.0003_masked_l1_gradient,model_rounds/r023/model_00_attention_gate_unet,true,true
Sequential,r023,1,attention_gate_unet,r023_full_attention_gate_unet_nc44_lr0.0002_masked_l1_gradient,model_rounds/r023/model_01_attention_gate_unet,true,true
Sequential,r023,2,cno,r023_full_cno_nc40_lr0.0004_masked_l1_gradient,model_rounds/r023/model_02_cno,true,true
Sequential,r023,3,cno,r023_full_cno_nc44_lr0.0002_masked_l1_gradient,model_rounds/r023/model_03_cno,true,true
Sequential,r023,4,dilated_unet,r023_full_dilated_unet_nc40_lr0.0003_masked_l1_gradient,model_rounds/r023/model_04_dilated_unet,true,true
Sequential,r023,5,fno_encoder_decoder,r023_full_fno_encoder_decoder_nc40_lr0.0003_masked_l1_gradient,model_rounds/r023/model_05_fno_encoder_decoder,true,true
Sequential,r024,0,boundary_crossattn_unet,r024_full_boundary_crossattn_unet_nc24_lr0.0003_masked_l1_gradient,model_rounds/r024/model_00_boundary_crossattn_unet,true,true
Sequential,r024,1,boundary_film_unet,r024_full_boundary_film_unet_nc32_lr0.0003_masked_l1_gradient,model_rounds/r024/model_01_boundary_film_unet,true,true
Sequential,r024,2,cno,r024_full_cno_nc40_lr0.000325_masked_l1_gradient,model_rounds/r024/model_02_cno,true,true
Sequential,r024,3,geometry_bridge_unet,r024_full_geometry_bridge_unet_nc32_lr0.0003_masked_l1_gradient,model_rounds/r024/model_03_geometry_bridge_unet,true,true
Sequential,r024,4,lowrank_kernel_unet,r024_full_lowrank_kernel_unet_nc32_lr0.00025_masked_l1_gradient,model_rounds/r024/model_04_lowrank_kernel_unet,true,true
Sequential,r024,5,mamba2d,r024_full_mamba2d_nc32_lr0.00032_masked_l1_gradient,model_rounds/r024/model_05_mamba2d,true,true
Sequential,r024,6,sac_unet,r024_full_sac_unet_nc32_lr0.00035_masked_l1_gradient,model_rounds/r024/model_06_sac_unet,true,true
Sequential,r024,7,triscale_adapter_unet,r024_full_triscale_adapter_unet_nc32_lr0.0003_masked_l1_gradient,model_rounds/r024/model_07_triscale_adapter_unet,true,true
Sequential,r024,10,wavelet_refine_unet,r024_full_wavelet_refine_unet_nc32_lr0.0003_masked_l1_gradient,model_rounds/r024/model_10_wavelet_refine_unet,true,true
Sequential,r025,0,boundary_alignment_adapter_unet,r025_full_boundary_alignment_adapter_unet_nc24_lr0.0003_masked_l1_gradient,model_rounds/r025/model_00_boundary_alignment_adapter_unet,true,true
Sequential,r025,1,boundary_crossattn_unet,r025_full_boundary_crossattn_unet_nc24_lr0.0003_masked_l1_gradient,model_rounds/r025/model_01_boundary_crossattn_unet,true,true
Sequential,r025,2,boundary_crossattn_unet,r025_full_boundary_crossattn_unet_nc32_lr0.00025_masked_l1_gradient,model_rounds/r025/model_02_boundary_crossattn_unet,true,true
Sequential,r025,3,boundary_film_unet,r025_full_boundary_film_unet_nc32_lr0.0003_masked_l1_gradient,model_rounds/r025/model_03_boundary_film_unet,true,true
Sequential,r025,4,compressed_geometry_latent_unet,r025_full_compressed_geometry_latent_unet_nc24_lr0.0003_masked_l1_gradient,model_rounds/r025/model_04_compressed_geometry_latent_unet,true,true
Sequential,r025,5,coord_residual_unet,r025_full_coord_residual_unet_nc24_lr0.0003_masked_l1_gradient,model_rounds/r025/model_05_coord_residual_unet,true,true
Sequential,r025,6,expansion_separable_unet,r025_full_expansion_separable_unet_nc24_lr0.0003_masked_l1_gradient,model_rounds/r025/model_06_expansion_separable_unet,true,true
Sequential,r025,7,gaussian_residual_unet,r025_full_gaussian_residual_unet_nc24_lr0.0003_masked_l1_gradient,model_rounds/r025/model_07_gaussian_residual_unet,true,true
Sequential,r025,8,geometry_bridge_unet,r025_full_geometry_bridge_unet_nc32_lr0.0003_masked_l1_gradient,model_rounds/r025/model_08_geometry_bridge_unet,true,true
Sequential,r025,9,self_gated_boundary_refine_unet,r025_full_self_gated_boundary_refine_unet_nc24_lr0.0003_masked_l1_gradient,model_rounds/r025/model_09_self_gated_boundary_refine_unet,true,true
Sequential,r025,10,wavelet_refine_unet,r025_full_wavelet_refine_unet_nc32_lr0.0003_masked_l1_gradient,model_rounds/r025/model_10_wavelet_refine_unet,true,true
Sequential,r026,0,boundary_crossattn_unet,r026_full_boundary_crossattn_unet_nc24_lr0.0003_masked_l1_gradient,model_rounds/r026/model_00_boundary_crossattn_unet,true,true
Sequential,r026,1,cno,r026_full_cno_nc40_lr0.00035_masked_l1_gradient,model_rounds/r026/model_01_cno,true,true
Sequential,r026,2,corrdiff_residual_unet,r026_full_corrdiff_residual_unet_nc24_lr0.0003_masked_l1_gradient,model_rounds/r026/model_02_corrdiff_residual_unet,true,true
Sequential,r026,3,feature_warp_residual_unet,r026_full_feature_warp_residual_unet_nc24_lr0.00025_masked_l1_gradient,model_rounds/r026/model_03_feature_warp_residual_unet,true,true
Sequential,r026,4,finegrained_moe_adapter_unet,r026_full_finegrained_moe_adapter_unet_nc24_lr0.00025_masked_l1_gradient,model_rounds/r026/model_04_finegrained_moe_adapter_unet,true,true
Sequential,r026,5,geometry_bridge_unet,r026_full_geometry_bridge_unet_nc32_lr0.0003_masked_l1_gradient,model_rounds/r026/model_05_geometry_bridge_unet,true,true
Sequential,r026,6,liif_residual_decoder_unet,r026_full_liif_residual_decoder_unet_nc24_lr0.0003_masked_l1_gradient,model_rounds/r026/model_06_liif_residual_decoder_unet,true,true
Sequential,r026,7,lora_residual_adapter_unet,r026_full_lora_residual_adapter_unet_nc24_lr0.0003_masked_l1_gradient,model_rounds/r026/model_07_lora_residual_adapter_unet,true,true
Sequential,r026,8,self_gated_boundary_refine_unet,r026_full_self_gated_boundary_refine_unet_nc20_lr0.0003_masked_l1_gradient,model_rounds/r026/model_08_self_gated_boundary_refine_unet,true,true
Sequential,r026,9,wavelet_refine_unet,r026_full_wavelet_refine_unet_nc32_lr0.0003_masked_l1_gradient,model_rounds/r026/model_09_wavelet_refine_unet,true,true
Sequential,r027,0,adaptive_frequency_modulation_unet,r027_full_adaptive_frequency_modulation_unet_nc24_lr0.0003_masked_l1_gradient,model_rounds/r027/model_00_adaptive_frequency_modulation_unet,true,true
Sequential,r027,1,boundary_crossattn_unet,r027_full_boundary_crossattn_unet_nc24_lr0.0003_masked_l1_gradient,model_rounds/r027/model_01_boundary_crossattn_unet,true,true
Sequential,r027,2,boundary_crossattn_unet,r027_full_boundary_crossattn_unet_nc28_lr0.0003_masked_l1_gradient,model_rounds/r027/model_02_boundary_crossattn_unet,true,true
Sequential,r027,3,channel_sliced_moe_unet,r027_full_channel_sliced_moe_unet_nc20_lr0.0003_masked_l1_gradient,model_rounds/r027/model_03_channel_sliced_moe_unet,true,true
Sequential,r027,4,geometry_bridge_unet,r027_full_geometry_bridge_unet_nc32_lr0.0003_masked_l1_gradient,model_rounds/r027/model_04_geometry_bridge_unet,true,true
Sequential,r027,5,latent_grid_bridge_unet,r027_full_latent_grid_bridge_unet_nc24_lr0.0003_masked_l1_gradient,model_rounds/r027/model_05_latent_grid_bridge_unet,true,true
Sequential,r027,6,mean_residual_decoder_unet,r027_full_mean_residual_decoder_unet_nc24_lr0.0003_masked_l1_gradient,model_rounds/r027/model_06_mean_residual_decoder_unet,true,true
Sequential,r027,7,periodic_coord_residual_unet,r027_full_periodic_coord_residual_unet_nc24_lr0.0003_masked_l1_gradient,model_rounds/r027/model_07_periodic_coord_residual_unet,true,true
Sequential,r027,8,self_gated_boundary_refine_unet,r027_full_self_gated_boundary_refine_unet_nc24_lr0.0003_masked_l1_gradient,model_rounds/r027/model_08_self_gated_boundary_refine_unet,true,true
Sequential,r027,9,tensorized_spectral_adapter_unet,r027_full_tensorized_spectral_adapter_unet_nc24_lr0.0003_masked_l1_gradient,model_rounds/r027/model_09_tensorized_spectral_adapter_unet,true,true
Sequential,r027,10,wavelet_refine_unet,r027_full_wavelet_refine_unet_nc32_lr0.00035_masked_l1_gradient,model_rounds/r027/model_10_wavelet_refine_unet,true,true
Sequential,r027,11,wavelet_refine_unet,r027_full_wavelet_refine_unet_nc32_lr0.0003_masked_l1_gradient,model_rounds/r027/model_11_wavelet_refine_unet,true,true
Sequential,r028,0,boundary_crossattn_unet,r028_full_boundary_crossattn_unet_nc24_lr0.0003_masked_l1_gradient,model_rounds/r028/model_00_boundary_crossattn_unet,true,true
Sequential,r028,1,cno,r028_full_cno_nc32_lr0.000325_masked_l1_gradient,model_rounds/r028/model_01_cno,true,true
Sequential,r028,2,coarse_to_fine_spectral_fusion_unet,r028_full_coarse_to_fine_spectral_fusion_unet_nc24_lr0.0003_masked_l1_gradient,model_rounds/r028/model_02_coarse_to_fine_spectral_fusion_unet,true,true
Sequential,r028,3,evolution_detail_decomp_unet,r028_full_evolution_detail_decomp_unet_nc24_lr0.0003_masked_l1_gradient,model_rounds/r028/model_03_evolution_detail_decomp_unet,true,true
Sequential,r028,4,geometry_bridge_unet,r028_full_geometry_bridge_unet_nc24_lr0.0003_masked_l1_gradient,model_rounds/r028/model_04_geometry_bridge_unet,true,true
Sequential,r028,5,lora_residual_adapter_unet,r028_full_lora_residual_adapter_unet_nc32_lr0.0003_masked_l1_gradient,model_rounds/r028/model_05_lora_residual_adapter_unet,true,true
Sequential,r028,6,mlp_cross_scale_decoder_unet,r028_full_mlp_cross_scale_decoder_unet_nc24_lr0.0003_masked_l1_gradient,model_rounds/r028/model_06_mlp_cross_scale_decoder_unet,true,true
Sequential,r028,7,pid_boundary_detail_context_unet,r028_full_pid_boundary_detail_context_unet_nc24_lr0.0003_masked_l1_gradient,model_rounds/r028/model_07_pid_boundary_detail_context_unet,true,true
Sequential,r028,8,strip_mixer_refine_unet,r028_full_strip_mixer_refine_unet_nc24_lr0.0003_masked_l1_gradient,model_rounds/r028/model_08_strip_mixer_refine_unet,true,true
Sequential,r028,9,tensorized_spectral_adapter_unet,r028_full_tensorized_spectral_adapter_unet_nc24_lr0.0003_masked_l1_gradient,model_rounds/r028/model_09_tensorized_spectral_adapter_unet,true,true
Sequential,r028,10,wavelet_refine_unet,r028_full_wavelet_refine_unet_nc32_lr0.00025_masked_l1_gradient,model_rounds/r028/model_10_wavelet_refine_unet,true,true
Sequential,r029,0,axis_factor_spectral_adapter_unet,r029_full_axis_factor_spectral_adapter_unet_nc24_lr0.0003_masked_l1_gradient,model_rounds/r029/model_00_axis_factor_spectral_adapter_unet,true,true
Sequential,r029,1,coarse_conditioned_detail_decoder_unet,r029_full_coarse_conditioned_detail_decoder_unet_nc24_lr0.0003_masked_l1_gradient,model_rounds/r029/model_01_coarse_conditioned_detail_decoder_unet,true,true
Sequential,r029,2,coarse_to_fine_spectral_fusion_unet,r029_full_coarse_to_fine_spectral_fusion_unet_nc24_lr0.0003_masked_l1_gradient,model_rounds/r029/model_02_coarse_to_fine_spectral_fusion_unet,true,true
Sequential,r029,3,content_aware_reassembly_unet,r029_full_content_aware_reassembly_unet_nc24_lr0.0003_masked_l1_gradient,model_rounds/r029/model_03_content_aware_reassembly_unet,true,true
Sequential,r029,4,height_guided_pac_unet,r029_full_height_guided_pac_unet_nc24_lr0.0003_masked_l1_gradient,model_rounds/r029/model_04_height_guided_pac_unet,true,true
Sequential,r029,5,hypercoord_residual_decoder_unet,r029_full_hypercoord_residual_decoder_unet_nc24_lr0.0003_masked_l1_gradient,model_rounds/r029/model_05_hypercoord_residual_decoder_unet,true,true
Sequential,r029,6,physics_slice_adapter_unet,r029_full_physics_slice_adapter_unet_nc24_lr0.0003_masked_l1_gradient,model_rounds/r029/model_06_physics_slice_adapter_unet,true,true
Sequential,r029,7,pid_boundary_detail_context_unet,r029_full_pid_boundary_detail_context_unet_nc24_lr0.0003_masked_l1_gradient,model_rounds/r029/model_07_pid_boundary_detail_context_unet,true,true
Sequential,r029,8,tensorized_spectral_adapter_unet,r029_full_tensorized_spectral_adapter_unet_nc24_lr0.0003_masked_l1_gradient,model_rounds/r029/model_08_tensorized_spectral_adapter_unet,true,true
Sequential,r029,9,tensorized_spectral_adapter_unet,r029_full_tensorized_spectral_adapter_unet_nc28_lr0.0003_masked_l1_gradient,model_rounds/r029/model_09_tensorized_spectral_adapter_unet,true,true
Sequential,r029,11,wavelet_refine_unet,r029_full_wavelet_refine_unet_nc32_lr0.0003_masked_l1_gradient,model_rounds/r029/model_11_wavelet_refine_unet,true,true
Sequential,r030,0,boundary_crossattn_unet,r030_full_boundary_crossattn_unet_nc24_lr0.0003_masked_l1_gradient,model_rounds/r030/model_00_boundary_crossattn_unet,true,true
Sequential,r030,1,dual_aggregate_detail_gate_unet,r030_full_dual_aggregate_detail_gate_unet_nc24_lr0.0003_masked_l1_gradient,model_rounds/r030/model_01_dual_aggregate_detail_gate_unet,true,true
Sequential,r030,2,hypercoord_microdecoder_unet,r030_full_hypercoord_microdecoder_unet_nc24_lr0.0003_masked_l1_gradient,model_rounds/r030/model_02_hypercoord_microdecoder_unet,true,true
Sequential,r030,3,multiscale_memory_token_unet,r030_full_multiscale_memory_token_unet_nc24_lr0.0003_masked_l1_gradient,model_rounds/r030/model_03_multiscale_memory_token_unet,true,true
Sequential,r030,4,shape_basis_residual_head_unet,r030_full_shape_basis_residual_head_unet_nc24_lr0.0003_masked_l1_gradient,model_rounds/r030/model_04_shape_basis_residual_head_unet,true,true
Sequential,r030,5,shared_expert_center_router_unet,r030_full_shared_expert_center_router_unet_nc24_lr0.0003_masked_l1_gradient,model_rounds/r030/model_05_shared_expert_center_router_unet,true,true
Sequential,r030,6,sparse_fourier_delta_adapter_unet,r030_full_sparse_fourier_delta_adapter_unet_nc24_lr0.0003_masked_l1_gradient,model_rounds/r030/model_06_sparse_fourier_delta_adapter_unet,true,true
Sequential,r030,7,tensorized_spectral_adapter_unet,r030_full_tensorized_spectral_adapter_unet_nc24_lr0.0003_masked_l1_gradient,model_rounds/r030/model_07_tensorized_spectral_adapter_unet,true,true
Sequential,r030,8,tensorized_spectral_adapter_unet,r030_full_tensorized_spectral_adapter_unet_nc26_lr0.0003_masked_l1_gradient,model_rounds/r030/model_08_tensorized_spectral_adapter_unet,true,true
Sequential,r030,10,wavelet_refine_unet,r030_full_wavelet_refine_unet_nc32_lr0.0003_masked_l1_gradient,model_rounds/r030/model_10_wavelet_refine_unet,true,true
Sequential,r030,11,wavelet_refine_unet,r030_full_wavelet_refine_unet_nc36_lr0.0003_masked_l1_gradient,model_rounds/r030/model_11_wavelet_refine_unet,true,true
Sequential,r031,0,boundary_token_film_unet,r031_full_boundary_token_film_unet_nc24_lr0.0003_masked_l1_gradient,model_rounds/r031/model_00_boundary_token_film_unet,true,true
Sequential,r031,1,dual_aggregate_detail_gate_unet,r031_full_dual_aggregate_detail_gate_unet_nc22_lr0.0003_masked_l1_gradient,model_rounds/r031/model_01_dual_aggregate_detail_gate_unet,true,true
Sequential,r031,2,dual_aggregate_detail_gate_unet,r031_full_dual_aggregate_detail_gate_unet_nc24_lr0.0003_masked_l1_gradient,model_rounds/r031/model_02_dual_aggregate_detail_gate_unet,true,true
Sequential,r031,3,hypercoord_microdecoder_unet,r031_full_hypercoord_microdecoder_unet_nc24_lr0.0003_masked_l1_gradient,model_rounds/r031/model_03_hypercoord_microdecoder_unet,true,true
Sequential,r031,4,invariant_height_descriptor_unet,r031_full_invariant_height_descriptor_unet_nc24_lr0.0003_masked_l1_gradient,model_rounds/r031/model_04_invariant_height_descriptor_unet,true,true
Sequential,r031,5,local_spectral_wavelet_operator_unet,r031_full_local_spectral_wavelet_operator_unet_nc24_lr0.0003_masked_l1_gradient,model_rounds/r031/model_05_local_spectral_wavelet_operator_unet,true,true
Sequential,r031,6,lowrank_context_adapter_unet,r031_full_lowrank_context_adapter_unet_nc24_lr0.0003_masked_l1_gradient,model_rounds/r031/model_06_lowrank_context_adapter_unet,true,true
Sequential,r031,7,omniscan_skip_mixer_unet,r031_full_omniscan_skip_mixer_unet_nc24_lr0.0003_masked_l1_gradient,model_rounds/r031/model_07_omniscan_skip_mixer_unet,true,true
Sequential,r031,8,tensorized_spectral_adapter_unet,r031_full_tensorized_spectral_adapter_unet_nc22_lr0.0003_masked_l1_gradient,model_rounds/r031/model_08_tensorized_spectral_adapter_unet,true,true
Sequential,r031,9,tensorized_spectral_adapter_unet,r031_full_tensorized_spectral_adapter_unet_nc24_lr0.0003_masked_l1_gradient,model_rounds/r031/model_09_tensorized_spectral_adapter_unet,true,true
Sequential,r031,10,wavelet_refine_unet,r031_full_wavelet_refine_unet_nc32_lr0.0003_masked_l1_gradient,model_rounds/r031/model_10_wavelet_refine_unet,true,true
